"path","extension","bytes"
"freekill-web\apps\web\public\fk\file-list.json",".json","10723"
"freekill-web\apps\web\public\fk\fkprelude.lua",".lua","7342"
"freekill-web\apps\web\public\fk\image\card\card-back.png",".png","18234"
"freekill-web\apps\web\public\fk\image\card\chosen.png",".png","2077"
"freekill-web\apps\web\public\fk\image\card\delayedTrick\sealed.png",".png","3020"
"freekill-web\apps\web\public\fk\image\card\delayedTrick\unknown.png",".png","3669"
"freekill-web\apps\web\public\fk\image\card\equipIcon\sealed.png",".png","1016"
"freekill-web\apps\web\public\fk\image\card\equipIcon\unknown.png",".png","755"
"freekill-web\apps\web\public\fk\image\card\general\border.png",".png","8233"
"freekill-web\apps\web\public\fk\image\card\general\card-back.png",".png","9042"
"freekill-web\apps\web\public\fk\image\card\general\god.png",".png","7548"
"freekill-web\apps\web\public\fk\image\card\general\god-magatama.png",".png","1600"
"freekill-web\apps\web\public\fk\image\card\general\qun.png",".png","8747"
"freekill-web\apps\web\public\fk\image\card\general\qun-companions.png",".png","8447"
"freekill-web\apps\web\public\fk\image\card\general\qun-magatama.png",".png","1639"
"freekill-web\apps\web\public\fk\image\card\general\qun-magatama-l.png",".png","1203"
"freekill-web\apps\web\public\fk\image\card\general\qun-magatama-r.png",".png","1254"
"freekill-web\apps\web\public\fk\image\card\general\shu.png",".png","7846"
"freekill-web\apps\web\public\fk\image\card\general\shu-companions.png",".png","8835"
"freekill-web\apps\web\public\fk\image\card\general\shu-magatama.png",".png","1680"
"freekill-web\apps\web\public\fk\image\card\general\shu-magatama-l.png",".png","1209"
"freekill-web\apps\web\public\fk\image\card\general\shu-magatama-r.png",".png","1271"
"freekill-web\apps\web\public\fk\image\card\general\unknown.png",".png","145"
"freekill-web\apps\web\public\fk\image\card\general\unknown-magatama.png",".png","145"
"freekill-web\apps\web\public\fk\image\card\general\wei.png",".png","8173"
"freekill-web\apps\web\public\fk\image\card\general\wei-companions.png",".png","8974"
"freekill-web\apps\web\public\fk\image\card\general\wei-magatama.png",".png","1747"
"freekill-web\apps\web\public\fk\image\card\general\wei-magatama-l.png",".png","1222"
"freekill-web\apps\web\public\fk\image\card\general\wei-magatama-r.png",".png","1277"
"freekill-web\apps\web\public\fk\image\card\general\wild.png",".png","9937"
"freekill-web\apps\web\public\fk\image\card\general\wild-companions.png",".png","8903"
"freekill-web\apps\web\public\fk\image\card\general\wild-magatama-l.png",".png","1222"
"freekill-web\apps\web\public\fk\image\card\general\wild-magatama-r.png",".png","1277"
"freekill-web\apps\web\public\fk\image\card\general\wu.png",".png","7412"
"freekill-web\apps\web\public\fk\image\card\general\wu-companions.png",".png","8982"
"freekill-web\apps\web\public\fk\image\card\general\wu-magatama.png",".png","1700"
"freekill-web\apps\web\public\fk\image\card\general\wu-magatama-l.png",".png","1210"
"freekill-web\apps\web\public\fk\image\card\general\wu-magatama-r.png",".png","1276"
"freekill-web\apps\web\public\fk\image\card\number\black\1.png",".png","961"
"freekill-web\apps\web\public\fk\image\card\number\black\10.png",".png","985"
"freekill-web\apps\web\public\fk\image\card\number\black\11.png",".png","868"
"freekill-web\apps\web\public\fk\image\card\number\black\12.png",".png","994"
"freekill-web\apps\web\public\fk\image\card\number\black\13.png",".png","914"
"freekill-web\apps\web\public\fk\image\card\number\black\2.png",".png","941"
"freekill-web\apps\web\public\fk\image\card\number\black\3.png",".png","921"
"freekill-web\apps\web\public\fk\image\card\number\black\4.png",".png","922"
"freekill-web\apps\web\public\fk\image\card\number\black\5.png",".png","918"
"freekill-web\apps\web\public\fk\image\card\number\black\6.png",".png","914"
"freekill-web\apps\web\public\fk\image\card\number\black\7.png",".png","885"
"freekill-web\apps\web\public\fk\image\card\number\black\8.png",".png","994"
"freekill-web\apps\web\public\fk\image\card\number\black\9.png",".png","972"
"freekill-web\apps\web\public\fk\image\card\number\red\1.png",".png","1125"
"freekill-web\apps\web\public\fk\image\card\number\red\10.png",".png","1177"
"freekill-web\apps\web\public\fk\image\card\number\red\11.png",".png","1072"
"freekill-web\apps\web\public\fk\image\card\number\red\12.png",".png","1194"
"freekill-web\apps\web\public\fk\image\card\number\red\13.png",".png","1061"
"freekill-web\apps\web\public\fk\image\card\number\red\2.png",".png","1092"
"freekill-web\apps\web\public\fk\image\card\number\red\3.png",".png","1045"
"freekill-web\apps\web\public\fk\image\card\number\red\4.png",".png","1056"
"freekill-web\apps\web\public\fk\image\card\number\red\5.png",".png","1092"
"freekill-web\apps\web\public\fk\image\card\number\red\6.png",".png","1051"
"freekill-web\apps\web\public\fk\image\card\number\red\7.png",".png","1032"
"freekill-web\apps\web\public\fk\image\card\number\red\8.png",".png","1103"
"freekill-web\apps\web\public\fk\image\card\number\red\9.png",".png","1110"
"freekill-web\apps\web\public\fk\image\card\suit\black.png",".png","1606"
"freekill-web\apps\web\public\fk\image\card\suit\club.png",".png","1017"
"freekill-web\apps\web\public\fk\image\card\suit\diamond.png",".png","847"
"freekill-web\apps\web\public\fk\image\card\suit\heart.png",".png","982"
"freekill-web\apps\web\public\fk\image\card\suit\nocolor.png",".png","1753"
"freekill-web\apps\web\public\fk\image\card\suit\red.png",".png","1939"
"freekill-web\apps\web\public\fk\image\card\suit\spade.png",".png","842"
"freekill-web\apps\web\public\fk\image\card\unknown.png",".png","18848"
"freekill-web\apps\web\public\fk\image\photo\back\god.png",".png","5721"
"freekill-web\apps\web\public\fk\image\photo\back\qun.png",".png","5530"
"freekill-web\apps\web\public\fk\image\photo\back\shu.png",".png","5622"
"freekill-web\apps\web\public\fk\image\photo\back\unknown.png",".png","5076"
"freekill-web\apps\web\public\fk\image\photo\back\wei.png",".png","5364"
"freekill-web\apps\web\public\fk\image\photo\back\wild.png",".png","5504"
"freekill-web\apps\web\public\fk\image\photo\back\wu.png",".png","4892"
"freekill-web\apps\web\public\fk\image\photo\chain.png",".png","9187"
"freekill-web\apps\web\public\fk\image\photo\control\timebar.png",".png","123"
"freekill-web\apps\web\public\fk\image\photo\control\timebar_bg.png",".png","165"
"freekill-web\apps\web\public\fk\image\photo\control\tip.png",".png","941"
"freekill-web\apps\web\public\fk\image\photo\death\hidden.png",".png","15374"
"freekill-web\apps\web\public\fk\image\photo\death\lord.png",".png","22459"
"freekill-web\apps\web\public\fk\image\photo\death\loyalist.png",".png","22496"
"freekill-web\apps\web\public\fk\image\photo\death\rebel.png",".png","22648"
"freekill-web\apps\web\public\fk\image\photo\death\renegade.png",".png","22404"
"freekill-web\apps\web\public\fk\image\photo\death\run.png",".png","15342"
"freekill-web\apps\web\public\fk\image\photo\death\saveme.png",".png","9156"
"freekill-web\apps\web\public\fk\image\photo\death\surrender.png",".png","16285"
"freekill-web\apps\web\public\fk\image\photo\deputy-split.png",".png","1416"
"freekill-web\apps\web\public\fk\image\photo\disable.png",".png","1100"
"freekill-web\apps\web\public\fk\image\photo\equipbg.png",".png","2172"
"freekill-web\apps\web\public\fk\image\photo\faceturned.png",".png","13276"
"freekill-web\apps\web\public\fk\image\photo\faceturned-heg.png",".png","50705"
"freekill-web\apps\web\public\fk\image\photo\handcard.png",".png","3149"
"freekill-web\apps\web\public\fk\image\photo\magatama\0.png",".png","761"
"freekill-web\apps\web\public\fk\image\photo\magatama\0-heg.png",".png","1597"
"freekill-web\apps\web\public\fk\image\photo\magatama\1.png",".png","738"
"freekill-web\apps\web\public\fk\image\photo\magatama\1-heg.png",".png","2130"
"freekill-web\apps\web\public\fk\image\photo\magatama\2.png",".png","752"
"freekill-web\apps\web\public\fk\image\photo\magatama\2-heg.png",".png","2167"
"freekill-web\apps\web\public\fk\image\photo\magatama\3.png",".png","762"
"freekill-web\apps\web\public\fk\image\photo\magatama\3-heg.png",".png","2409"
"freekill-web\apps\web\public\fk\image\photo\magatama\shield.png",".png","3164"
"freekill-web\apps\web\public\fk\image\photo\notready.png",".png","112"
"freekill-web\apps\web\public\fk\image\photo\owner.png",".png","6351"
"freekill-web\apps\web\public\fk\image\photo\ready.png",".png","7279"
"freekill-web\apps\web\public\fk\image\photo\role\lord.png",".png","3039"
"freekill-web\apps\web\public\fk\image\photo\role\loyalist.png",".png","3229"
"freekill-web\apps\web\public\fk\image\photo\role\rebel.png",".png","3262"
"freekill-web\apps\web\public\fk\image\photo\role\renegade.png",".png","3170"
"freekill-web\apps\web\public\fk\image\photo\role\unknown.png",".png","3095"
"freekill-web\apps\web\public\fk\image\photo\skill\limit.png",".png","4229"
"freekill-web\apps\web\public\fk\image\photo\skill\limit-used.png",".png","6715"
"freekill-web\apps\web\public\fk\image\photo\skill\quest.png",".png","5717"
"freekill-web\apps\web\public\fk\image\photo\skill\switch.png",".png","3459"
"freekill-web\apps\web\public\fk\image\photo\skill\switch-yin.png",".png","3334"
"freekill-web\apps\web\public\fk\image\photo\skill\wake.png",".png","4244"
"freekill-web\apps\web\public\fk\image\photo\state\leave.png",".png","4081"
"freekill-web\apps\web\public\fk\image\photo\state\offline.png",".png","4081"
"freekill-web\apps\web\public\fk\image\photo\state\online.png",".png","112"
"freekill-web\apps\web\public\fk\image\photo\state\robot.png",".png","112"
"freekill-web\apps\web\public\fk\image\photo\state\run.png",".png","1750"
"freekill-web\apps\web\public\fk\image\photo\state\trust.png",".png","4413"
"freekill-web\apps\web\public\fk\packages\freekill-core\lua\client\client.lua",".lua","1986"
"freekill-web\apps\web\public\fk\packages\freekill-core\lua\client\client_util.lua",".lua","43855"
"freekill-web\apps\web\public\fk\packages\freekill-core\lua\client\clientbase.lua",".lua","17920"
"freekill-web\apps\web\public\fk\packages\freekill-core\lua\client\clientplayer_base.lua",".lua","816"
"freekill-web\apps\web\public\fk\packages\freekill-core\lua\client\i18n\en_US.lua",".lua","24101"
"freekill-web\apps\web\public\fk\packages\freekill-core\lua\client\i18n\init.lua",".lua","156"
"freekill-web\apps\web\public\fk\packages\freekill-core\lua\client\i18n\vi_VN.lua",".lua","26911"
"freekill-web\apps\web\public\fk\packages\freekill-core\lua\client\i18n\zh_CN.lua",".lua","32246"
"freekill-web\apps\web\public\fk\packages\freekill-core\lua\core\boardgame.lua",".lua","1014"
"freekill-web\apps\web\public\fk\packages\freekill-core\lua\core\debug.lua",".lua","3680"
"freekill-web\apps\web\public\fk\packages\freekill-core\lua\core\engine.lua",".lua","5382"
"freekill-web\apps\web\public\fk\packages\freekill-core\lua\core\game_mode.lua",".lua","5309"
"freekill-web\apps\web\public\fk\packages\freekill-core\lua\core\mod_manager.lua",".lua","6399"
"freekill-web\apps\web\public\fk\packages\freekill-core\lua\core\package.lua",".lua","603"
"freekill-web\apps\web\public\fk\packages\freekill-core\lua\core\player.lua",".lua","3792"
"freekill-web\apps\web\public\fk\packages\freekill-core\lua\core\request_handler.lua",".lua","3342"
"freekill-web\apps\web\public\fk\packages\freekill-core\lua\core\roombase.lua",".lua","3692"
"freekill-web\apps\web\public\fk\packages\freekill-core\lua\core\task_def.lua",".lua","303"
"freekill-web\apps\web\public\fk\packages\freekill-core\lua\core\trigger_event.lua",".lua","7069"
"freekill-web\apps\web\public\fk\packages\freekill-core\lua\core\ui_package.lua",".lua","336"
"freekill-web\apps\web\public\fk\packages\freekill-core\lua\core\util.lua",".lua","22012"
"freekill-web\apps\web\public\fk\packages\freekill-core\lua\fk_ex.lua",".lua","26329"
"freekill-web\apps\web\public\fk\packages\freekill-core\lua\freekill.lua",".lua","3140"
"freekill-web\apps\web\public\fk\packages\freekill-core\lua\lib\debugger.lua",".lua","19406"
"freekill-web\apps\web\public\fk\packages\freekill-core\lua\lib\fkparser.lua",".lua","11262"
"freekill-web\apps\web\public\fk\packages\freekill-core\lua\lib\inspect.lua",".lua","8829"
"freekill-web\apps\web\public\fk\packages\freekill-core\lua\lib\json.lua",".lua","10026"
"freekill-web\apps\web\public\fk\packages\freekill-core\lua\lib\middleclass.lua",".lua","6486"
"freekill-web\apps\web\public\fk\packages\freekill-core\lua\lib\vscode-debug-attacher.lua",".lua","1571"
"freekill-web\apps\web\public\fk\packages\freekill-core\lua\lib\xoshiro256starstar.lua",".lua","3018"
"freekill-web\apps\web\public\fk\packages\freekill-core\lua\lsp\client.lua",".lua","1784"
"freekill-web\apps\web\public\fk\packages\freekill-core\lua\lsp\freekill.lua",".lua","1820"
"freekill-web\apps\web\public\fk\packages\freekill-core\lua\lsp\lib.lua",".lua","1042"
"freekill-web\apps\web\public\fk\packages\freekill-core\lua\lsp\player.lua",".lua","1562"
"freekill-web\apps\web\public\fk\packages\freekill-core\lua\lsp\qt.lua",".lua","259"
"freekill-web\apps\web\public\fk\packages\freekill-core\lua\lsp\server.lua",".lua","3399"
"freekill-web\apps\web\public\fk\packages\freekill-core\lua\lsp\test_util.lua",".lua","1867"
"freekill-web\apps\web\public\fk\packages\freekill-core\lua\lunarltk\client\client.lua",".lua","31697"
"freekill-web\apps\web\public\fk\packages\freekill-core\lua\lunarltk\client\clientplayer.lua",".lua","2813"
"freekill-web\apps\web\public\fk\packages\freekill-core\lua\lunarltk\core\card.lua",".lua","33920"
"freekill-web\apps\web\public\fk\packages\freekill-core\lua\lunarltk\core\card_skeleton.lua",".lua","2061"
"freekill-web\apps\web\public\fk\packages\freekill-core\lua\lunarltk\core\card_type\basic.lua",".lua","275"
"freekill-web\apps\web\public\fk\packages\freekill-core\lua\lunarltk\core\card_type\equip.lua",".lua","5731"
"freekill-web\apps\web\public\fk\packages\freekill-core\lua\lunarltk\core\card_type\trick.lua",".lua","563"
"freekill-web\apps\web\public\fk\packages\freekill-core\lua\lunarltk\core\engine.lua",".lua","23775"
"freekill-web\apps\web\public\fk\packages\freekill-core\lua\lunarltk\core\events\death.lua",".lua","3885"
"freekill-web\apps\web\public\fk\packages\freekill-core\lua\lunarltk\core\events\gameflow.lua",".lua","9487"
"freekill-web\apps\web\public\fk\packages\freekill-core\lua\lunarltk\core\events\hp.lua",".lua","9234"
"freekill-web\apps\web\public\fk\packages\freekill-core\lua\lunarltk\core\events\init.lua",".lua","869"
"freekill-web\apps\web\public\fk\packages\freekill-core\lua\lunarltk\core\events\judge.lua",".lua","3476"
"freekill-web\apps\web\public\fk\packages\freekill-core\lua\lunarltk\core\events\misc.lua",".lua","10894"
"freekill-web\apps\web\public\fk\packages\freekill-core\lua\lunarltk\core\events\movecard.lua",".lua","4983"
"freekill-web\apps\web\public\fk\packages\freekill-core\lua\lunarltk\core\events\pindian.lua",".lua","3005"
"freekill-web\apps\web\public\fk\packages\freekill-core\lua\lunarltk\core\events\skill.lua",".lua","3841"
"freekill-web\apps\web\public\fk\packages\freekill-core\lua\lunarltk\core\events\usecard.lua",".lua","33288"
"freekill-web\apps\web\public\fk\packages\freekill-core\lua\lunarltk\core\exppattern.lua",".lua","14094"
"freekill-web\apps\web\public\fk\packages\freekill-core\lua\lunarltk\core\general.lua",".lua","7114"
"freekill-web\apps\web\public\fk\packages\freekill-core\lua\lunarltk\core\known_card_tracker.lua",".lua","10667"
"freekill-web\apps\web\public\fk\packages\freekill-core\lua\lunarltk\core\package.lua",".lua","6232"
"freekill-web\apps\web\public\fk\packages\freekill-core\lua\lunarltk\core\personal_mark.lua",".lua","396"
"freekill-web\apps\web\public\fk\packages\freekill-core\lua\lunarltk\core\player.lua",".lua","63804"
"freekill-web\apps\web\public\fk\packages\freekill-core\lua\lunarltk\core\request_type\active_skill.lua",".lua","19620"
"freekill-web\apps\web\public\fk\packages\freekill-core\lua\lunarltk\core\request_type\invoke.lua",".lua","893"
"freekill-web\apps\web\public\fk\packages\freekill-core\lua\lunarltk\core\request_type\play_card.lua",".lua","7359"
"freekill-web\apps\web\public\fk\packages\freekill-core\lua\lunarltk\core\request_type\response_card.lua",".lua","9256"
"freekill-web\apps\web\public\fk\packages\freekill-core\lua\lunarltk\core\request_type\use_card.lua",".lua","6619"
"freekill-web\apps\web\public\fk\packages\freekill-core\lua\lunarltk\core\room\abstract_room.lua",".lua","5054"
"freekill-web\apps\web\public\fk\packages\freekill-core\lua\lunarltk\core\room\card_manager.lua",".lua","12746"
"freekill-web\apps\web\public\fk\packages\freekill-core\lua\lunarltk\core\room\skill_manager.lua",".lua","0"
"freekill-web\apps\web\public\fk\packages\freekill-core\lua\lunarltk\core\room\user_manager.lua",".lua","0"
"freekill-web\apps\web\public\fk\packages\freekill-core\lua\lunarltk\core\skill.lua",".lua","8786"
"freekill-web\apps\web\public\fk\packages\freekill-core\lua\lunarltk\core\skill_skeleton.lua",".lua","36841"
"freekill-web\apps\web\public\fk\packages\freekill-core\lua\lunarltk\core\skill_type\active.lua",".lua","8174"
"freekill-web\apps\web\public\fk\packages\freekill-core\lua\lunarltk\core\skill_type\attack_range.lua",".lua","1098"
"freekill-web\apps\web\public\fk\packages\freekill-core\lua\lunarltk\core\skill_type\cardskill.lua",".lua","14587"
"freekill-web\apps\web\public\fk\packages\freekill-core\lua\lunarltk\core\skill_type\distance.lua",".lua","488"
"freekill-web\apps\web\public\fk\packages\freekill-core\lua\lunarltk\core\skill_type\filter.lua",".lua","1313"
"freekill-web\apps\web\public\fk\packages\freekill-core\lua\lunarltk\core\skill_type\invalidity.lua",".lua","713"
"freekill-web\apps\web\public\fk\packages\freekill-core\lua\lunarltk\core\skill_type\max_cards.lua",".lua","451"
"freekill-web\apps\web\public\fk\packages\freekill-core\lua\lunarltk\core\skill_type\prohibit.lua",".lua","967"
"freekill-web\apps\web\public\fk\packages\freekill-core\lua\lunarltk\core\skill_type\status_skill.lua",".lua","353"
"freekill-web\apps\web\public\fk\packages\freekill-core\lua\lunarltk\core\skill_type\target_mod.lua",".lua","3005"
"freekill-web\apps\web\public\fk\packages\freekill-core\lua\lunarltk\core\skill_type\trigger.lua",".lua","5910"
"freekill-web\apps\web\public\fk\packages\freekill-core\lua\lunarltk\core\skill_type\usable_skill.lua",".lua","5799"
"freekill-web\apps\web\public\fk\packages\freekill-core\lua\lunarltk\core\skill_type\view_as.lua",".lua","8020"
"freekill-web\apps\web\public\fk\packages\freekill-core\lua\lunarltk\core\skill_type\visibility.lua",".lua","956"
"freekill-web\apps\web\public\fk\packages\freekill-core\lua\lunarltk\core\skin_package.lua",".lua","336"
"freekill-web\apps\web\public\fk\packages\freekill-core\lua\lunarltk\init.lua",".lua","1226"
"freekill-web\apps\web\public\fk\packages\freekill-core\lua\lunarltk\server\ai\ai.lua",".lua","6337"
"freekill-web\apps\web\public\fk\packages\freekill-core\lua\lunarltk\server\ai\init.lua",".lua","1667"
"freekill-web\apps\web\public\fk\packages\freekill-core\lua\lunarltk\server\ai\logic.lua",".lua","19281"
"freekill-web\apps\web\public\fk\packages\freekill-core\lua\lunarltk\server\ai\smart_ai.lua",".lua","19751"
"freekill-web\apps\web\public\fk\packages\freekill-core\lua\lunarltk\server\ai\strategies\active.lua",".lua","5445"
"freekill-web\apps\web\public\fk\packages\freekill-core\lua\lunarltk\server\ai\strategies\ag.lua",".lua","662"
"freekill-web\apps\web\public\fk\packages\freekill-core\lua\lunarltk\server\ai\strategies\arrange_cards.lua",".lua","818"
"freekill-web\apps\web\public\fk\packages\freekill-core\lua\lunarltk\server\ai\strategies\card_skill.lua",".lua","3820"
"freekill-web\apps\web\public\fk\packages\freekill-core\lua\lunarltk\server\ai\strategies\cards.lua",".lua","634"
"freekill-web\apps\web\public\fk\packages\freekill-core\lua\lunarltk\server\ai\strategies\choice.lua",".lua","703"
"freekill-web\apps\web\public\fk\packages\freekill-core\lua\lunarltk\server\ai\strategies\choices.lua",".lua","720"
"freekill-web\apps\web\public\fk\packages\freekill-core\lua\lunarltk\server\ai\strategies\choose_card.lua",".lua","750"
"freekill-web\apps\web\public\fk\packages\freekill-core\lua\lunarltk\server\ai\strategies\choose_cards.lua",".lua","815"
"freekill-web\apps\web\public\fk\packages\freekill-core\lua\lunarltk\server\ai\strategies\choose_cards_and_choice.lua",".lua","1077"
"freekill-web\apps\web\public\fk\packages\freekill-core\lua\lunarltk\server\ai\strategies\choose_cards_and_players.lua",".lua","1112"
"freekill-web\apps\web\public\fk\packages\freekill-core\lua\lunarltk\server\ai\strategies\choose_general.lua",".lua","780"
"freekill-web\apps\web\public\fk\packages\freekill-core\lua\lunarltk\server\ai\strategies\choose_kingdom.lua",".lua","760"
"freekill-web\apps\web\public\fk\packages\freekill-core\lua\lunarltk\server\ai\strategies\choose_player.lua",".lua","1004"
"freekill-web\apps\web\public\fk\packages\freekill-core\lua\lunarltk\server\ai\strategies\discard.lua",".lua","654"
"freekill-web\apps\web\public\fk\packages\freekill-core\lua\lunarltk\server\ai\strategies\exchange.lua",".lua","627"
"freekill-web\apps\web\public\fk\packages\freekill-core\lua\lunarltk\server\ai\strategies\guanxing.lua",".lua","829"
"freekill-web\apps\web\public\fk\packages\freekill-core\lua\lunarltk\server\ai\strategies\init.lua",".lua","5049"
"freekill-web\apps\web\public\fk\packages\freekill-core\lua\lunarltk\server\ai\strategies\invoke.lua",".lua","678"
"freekill-web\apps\web\public\fk\packages\freekill-core\lua\lunarltk\server\ai\strategies\joint_cards.lua",".lua","684"
"freekill-web\apps\web\public\fk\packages\freekill-core\lua\lunarltk\server\ai\strategies\joint_choice.lua",".lua","738"
"freekill-web\apps\web\public\fk\packages\freekill-core\lua\lunarltk\server\ai\strategies\move_board.lua",".lua","960"
"freekill-web\apps\web\public\fk\packages\freekill-core\lua\lunarltk\server\ai\strategies\number.lua",".lua","670"
"freekill-web\apps\web\public\fk\packages\freekill-core\lua\lunarltk\server\ai\strategies\poxi.lua",".lua","738"
"freekill-web\apps\web\public\fk\packages\freekill-core\lua\lunarltk\server\ai\strategies\view_cards.lua",".lua","666"
"freekill-web\apps\web\public\fk\packages\freekill-core\lua\lunarltk\server\ai\strategies\view_cards_and_choice.lua",".lua","815"
"freekill-web\apps\web\public\fk\packages\freekill-core\lua\lunarltk\server\ai\strategies\yiji.lua",".lua","908"
"freekill-web\apps\web\public\fk\packages\freekill-core\lua\lunarltk\server\ai\strategy.lua",".lua","809"
"freekill-web\apps\web\public\fk\packages\freekill-core\lua\lunarltk\server\ai\trust_ai.lua",".lua","1661"
"freekill-web\apps\web\public\fk\packages\freekill-core\lua\lunarltk\server\ai\util.lua",".lua","2513"
"freekill-web\apps\web\public\fk\packages\freekill-core\lua\lunarltk\server\events\death.lua",".lua","5309"
"freekill-web\apps\web\public\fk\packages\freekill-core\lua\lunarltk\server\events\gameflow.lua",".lua","14269"
"freekill-web\apps\web\public\fk\packages\freekill-core\lua\lunarltk\server\events\hp.lua",".lua","14205"
"freekill-web\apps\web\public\fk\packages\freekill-core\lua\lunarltk\server\events\init.lua",".lua","1878"
"freekill-web\apps\web\public\fk\packages\freekill-core\lua\lunarltk\server\events\judge.lua",".lua","5831"
"freekill-web\apps\web\public\fk\packages\freekill-core\lua\lunarltk\server\events\misc.lua",".lua","8604"
"freekill-web\apps\web\public\fk\packages\freekill-core\lua\lunarltk\server\events\movecard.lua",".lua","38031"
"freekill-web\apps\web\public\fk\packages\freekill-core\lua\lunarltk\server\events\pindian.lua",".lua","8547"
"freekill-web\apps\web\public\fk\packages\freekill-core\lua\lunarltk\server\events\skill.lua",".lua","10110"
"freekill-web\apps\web\public\fk\packages\freekill-core\lua\lunarltk\server\events\usecard.lua",".lua","29004"
"freekill-web\apps\web\public\fk\packages\freekill-core\lua\lunarltk\server\gamelogic.lua",".lua","15701"
"freekill-web\apps\web\public\fk\packages\freekill-core\lua\lunarltk\server\mark_enum.lua",".lua","2857"
"freekill-web\apps\web\public\fk\packages\freekill-core\lua\lunarltk\server\room.lua",".lua","142476"
"freekill-web\apps\web\public\fk\packages\freekill-core\lua\lunarltk\server\serverplayer.lua",".lua","26777"
"freekill-web\apps\web\public\fk\packages\freekill-core\lua\lunarltk\server\system_enum.lua",".lua","3884"
"freekill-web\apps\web\public\fk\packages\freekill-core\lua\server\ai.lua",".lua","1663"
"freekill-web\apps\web\public\fk\packages\freekill-core\lua\server\gameevent.lua",".lua","12063"
"freekill-web\apps\web\public\fk\packages\freekill-core\lua\server\gamelogic.lua",".lua","13376"
"freekill-web\apps\web\public\fk\packages\freekill-core\lua\server\request.lua",".lua","14370"
"freekill-web\apps\web\public\fk\packages\freekill-core\lua\server\roombase.lua",".lua","21818"
"freekill-web\apps\web\public\fk\packages\freekill-core\lua\server\rpc\cbor.lua",".lua","16232"
"freekill-web\apps\web\public\fk\packages\freekill-core\lua\server\rpc\dispatchers.lua",".lua","2759"
"freekill-web\apps\web\public\fk\packages\freekill-core\lua\server\rpc\entry.lua",".lua","2844"
"freekill-web\apps\web\public\fk\packages\freekill-core\lua\server\rpc\fk.lua",".lua","14781"
"freekill-web\apps\web\public\fk\packages\freekill-core\lua\server\rpc\jsonrpc.lua",".lua","9621"
"freekill-web\apps\web\public\fk\packages\freekill-core\lua\server\rpc\stdio.lua",".lua","796"
"freekill-web\apps\web\public\fk\packages\freekill-core\lua\server\scheduler.lua",".lua","5439"
"freekill-web\apps\web\public\fk\packages\freekill-core\lua\server\serverplayer_base.lua",".lua","6188"
"freekill-web\apps\web\public\fk\packages\freekill-core\lua\server\task.lua",".lua","2733"
"freekill-web\apps\web\public\fk\packages\freekill-core\lua\server\taskplayer.lua",".lua","2762"
"freekill-web\apps\web\public\fk\packages\freekill-core\lua\ui_emu\base.lua",".lua","4709"
"freekill-web\apps\web\public\fk\packages\freekill-core\lua\ui_emu\choosecardbox.lua",".lua","1059"
"freekill-web\apps\web\public\fk\packages\freekill-core\lua\ui_emu\common.lua",".lua","855"
"freekill-web\apps\web\public\fk\packages\freekill-core\lua\ui_emu\control.lua",".lua","285"
"freekill-web\apps\web\public\fk\packages\freekill-core\lua\ui_emu\interaction.lua",".lua","651"
"freekill-web\apps\web\public\fk\packages\freekill-core\lua\ui_emu\okscene.lua",".lua","453"
"freekill-web\apps\web\public\fk\packages\freekill-core\lua\ui_emu\popupbox.lua",".lua","1401"
"freekill-web\apps\web\public\fk\packages\freekill-core\lua\ui_emu\poxi_box.lua",".lua","0"
"freekill-web\apps\web\public\fk\packages\freekill-core\lua\ui_emu\preferences.lua",".lua","4131"
"freekill-web\apps\web\public\fk\packages\freekill-core\lua\ui_emu\roomscene.lua",".lua","2441"
"freekill-web\apps\web\public\fk\packages\freekill-core\lua\ui_emu\specialskills.lua",".lua","546"
"freekill-web\apps\web\public\fk\packages\freekill-core\lua\ui-util.lua",".lua","2586"
"freekill-web\apps\web\public\fk\packages\freekill-core\maneuvering\i18n\en_US.lua",".lua","4369"
"freekill-web\apps\web\public\fk\packages\freekill-core\maneuvering\i18n\vi_VN.lua",".lua","5446"
"freekill-web\apps\web\public\fk\packages\freekill-core\maneuvering\init.lua",".lua","165"
"freekill-web\apps\web\public\fk\packages\freekill-core\maneuvering\pkg\init.lua",".lua","9643"
"freekill-web\apps\web\public\fk\packages\freekill-core\maneuvering\pkg\skills\analeptic.lua",".lua","3667"
"freekill-web\apps\web\public\fk\packages\freekill-core\maneuvering\pkg\skills\fan.lua",".lua","2011"
"freekill-web\apps\web\public\fk\packages\freekill-core\maneuvering\pkg\skills\fire__slash.lua",".lua","1491"
"freekill-web\apps\web\public\fk\packages\freekill-core\maneuvering\pkg\skills\fire_attack.lua",".lua","2410"
"freekill-web\apps\web\public\fk\packages\freekill-core\maneuvering\pkg\skills\guding_blade.lua",".lua","737"
"freekill-web\apps\web\public\fk\packages\freekill-core\maneuvering\pkg\skills\hualiu.lua",".lua","290"
"freekill-web\apps\web\public\fk\packages\freekill-core\maneuvering\pkg\skills\init.lua",".lua","580"
"freekill-web\apps\web\public\fk\packages\freekill-core\maneuvering\pkg\skills\iron_chain.lua",".lua","628"
"freekill-web\apps\web\public\fk\packages\freekill-core\maneuvering\pkg\skills\recast.lua",".lua","245"
"freekill-web\apps\web\public\fk\packages\freekill-core\maneuvering\pkg\skills\silver_lion.lua",".lua","1688"
"freekill-web\apps\web\public\fk\packages\freekill-core\maneuvering\pkg\skills\supply_shortage.lua",".lua","1157"
"freekill-web\apps\web\public\fk\packages\freekill-core\maneuvering\pkg\skills\thunder__slash.lua",".lua","1510"
"freekill-web\apps\web\public\fk\packages\freekill-core\maneuvering\pkg\skills\vine.lua",".lua","2100"
"freekill-web\apps\web\public\fk\packages\freekill-core\standard\aux_choose_general.lua",".lua","3646"
"freekill-web\apps\web\public\fk\packages\freekill-core\standard\aux_poxi.lua",".lua","1467"
"freekill-web\apps\web\public\fk\packages\freekill-core\standard\aux_skills_dir\choose_cards_skill.lua",".lua","1803"
"freekill-web\apps\web\public\fk\packages\freekill-core\standard\aux_skills_dir\choose_players_skill.lua",".lua","2435"
"freekill-web\apps\web\public\fk\packages\freekill-core\standard\aux_skills_dir\choose_players_to_move_card_in_board.lua",".lua","2556"
"freekill-web\apps\web\public\fk\packages\freekill-core\standard\aux_skills_dir\discard_skill.lua",".lua","3174"
"freekill-web\apps\web\public\fk\packages\freekill-core\standard\aux_skills_dir\distribution_select_skill.lua",".lua","2115"
"freekill-web\apps\web\public\fk\packages\freekill-core\standard\aux_skills_dir\ex__choose_skill.lua",".lua","3331"
"freekill-web\apps\web\public\fk\packages\freekill-core\standard\aux_skills_dir\game_rule.lua",".lua","4110"
"freekill-web\apps\web\public\fk\packages\freekill-core\standard\aux_skills_dir\init.lua",".lua","853"
"freekill-web\apps\web\public\fk\packages\freekill-core\standard\aux_skills_dir\max_cards_skill.lua",".lua","908"
"freekill-web\apps\web\public\fk\packages\freekill-core\standard\aux_skills_dir\reveal_prohibited.lua",".lua","1627"
"freekill-web\apps\web\public\fk\packages\freekill-core\standard\aux_skills_dir\reveal_skill.lua",".lua","2618"
"freekill-web\apps\web\public\fk\packages\freekill-core\standard\aux_skills_dir\spin_skill.lua",".lua","1139"
"freekill-web\apps\web\public\fk\packages\freekill-core\standard\aux_skills_dir\uncompulsory_invalidity.lua",".lua","425"
"freekill-web\apps\web\public\fk\packages\freekill-core\standard\aux_skills_dir\userealcard_skill.lua",".lua","479"
"freekill-web\apps\web\public\fk\packages\freekill-core\standard\aux_skills_dir\virtual_viewas.lua",".lua","1803"
"freekill-web\apps\web\public\fk\packages\freekill-core\standard\i18n\en_US.lua",".lua","12838"
"freekill-web\apps\web\public\fk\packages\freekill-core\standard\i18n\init.lua",".lua","287"
"freekill-web\apps\web\public\fk\packages\freekill-core\standard\i18n\vi_VN.lua",".lua","34916"
"freekill-web\apps\web\public\fk\packages\freekill-core\standard\i18n\zh_CN.lua",".lua","26268"
"freekill-web\apps\web\public\fk\packages\freekill-core\standard\init.lua",".lua","1420"
"freekill-web\apps\web\public\fk\packages\freekill-core\standard\pkg\init.lua",".lua","9309"
"freekill-web\apps\web\public\fk\packages\freekill-core\standard\pkg\skills\biyue.lua",".lua","942"
"freekill-web\apps\web\public\fk\packages\freekill-core\standard\pkg\skills\fanjian.lua",".lua","2601"
"freekill-web\apps\web\public\fk\packages\freekill-core\standard\pkg\skills\fankui.lua",".lua","2246"
"freekill-web\apps\web\public\fk\packages\freekill-core\standard\pkg\skills\ganglie.lua",".lua","4093"
"freekill-web\apps\web\public\fk\packages\freekill-core\standard\pkg\skills\guanxing.lua",".lua","627"
"freekill-web\apps\web\public\fk\packages\freekill-core\standard\pkg\skills\guicai.lua",".lua","3114"
"freekill-web\apps\web\public\fk\packages\freekill-core\standard\pkg\skills\guose.lua",".lua","622"
"freekill-web\apps\web\public\fk\packages\freekill-core\standard\pkg\skills\hujia.lua",".lua","2200"
"freekill-web\apps\web\public\fk\packages\freekill-core\standard\pkg\skills\jianxiong.lua",".lua","1328"
"freekill-web\apps\web\public\fk\packages\freekill-core\standard\pkg\skills\jieyin.lua",".lua","2775"
"freekill-web\apps\web\public\fk\packages\freekill-core\standard\pkg\skills\jijiang.lua",".lua","1564"
"freekill-web\apps\web\public\fk\packages\freekill-core\standard\pkg\skills\jijiu.lua",".lua","737"
"freekill-web\apps\web\public\fk\packages\freekill-core\standard\pkg\skills\jiuyuan.lua",".lua","778"
"freekill-web\apps\web\public\fk\packages\freekill-core\standard\pkg\skills\jizhi.lua",".lua","1233"
"freekill-web\apps\web\public\fk\packages\freekill-core\standard\pkg\skills\keji.lua",".lua","1860"
"freekill-web\apps\web\public\fk\packages\freekill-core\standard\pkg\skills\kongcheng.lua",".lua","1839"
"freekill-web\apps\web\public\fk\packages\freekill-core\standard\pkg\skills\kurou.lua",".lua","1181"
"freekill-web\apps\web\public\fk\packages\freekill-core\standard\pkg\skills\lianying.lua",".lua","1098"
"freekill-web\apps\web\public\fk\packages\freekill-core\standard\pkg\skills\lijian.lua",".lua","1372"
"freekill-web\apps\web\public\fk\packages\freekill-core\standard\pkg\skills\liuli.lua",".lua","1537"
"freekill-web\apps\web\public\fk\packages\freekill-core\standard\pkg\skills\longdan.lua",".lua","950"
"freekill-web\apps\web\public\fk\packages\freekill-core\standard\pkg\skills\luoshen.lua",".lua","2413"
"freekill-web\apps\web\public\fk\packages\freekill-core\standard\pkg\skills\luoyi.lua",".lua","1950"
"freekill-web\apps\web\public\fk\packages\freekill-core\standard\pkg\skills\mashu.lua",".lua","618"
"freekill-web\apps\web\public\fk\packages\freekill-core\standard\pkg\skills\paoxiao.lua",".lua","910"
"freekill-web\apps\web\public\fk\packages\freekill-core\standard\pkg\skills\qianxun.lua",".lua","887"
"freekill-web\apps\web\public\fk\packages\freekill-core\standard\pkg\skills\qicai.lua",".lua","591"
"freekill-web\apps\web\public\fk\packages\freekill-core\standard\pkg\skills\qingguo.lua",".lua","539"
"freekill-web\apps\web\public\fk\packages\freekill-core\standard\pkg\skills\qingnang.lua",".lua","1882"
"freekill-web\apps\web\public\fk\packages\freekill-core\standard\pkg\skills\qixi.lua",".lua","642"
"freekill-web\apps\web\public\fk\packages\freekill-core\standard\pkg\skills\rende.lua",".lua","1046"
"freekill-web\apps\web\public\fk\packages\freekill-core\standard\pkg\skills\tiandu.lua",".lua","1289"
"freekill-web\apps\web\public\fk\packages\freekill-core\standard\pkg\skills\tieqi.lua",".lua","1044"
"freekill-web\apps\web\public\fk\packages\freekill-core\standard\pkg\skills\tuxi.lua",".lua","4352"
"freekill-web\apps\web\public\fk\packages\freekill-core\standard\pkg\skills\wusheng.lua",".lua","556"
"freekill-web\apps\web\public\fk\packages\freekill-core\standard\pkg\skills\wushuang.lua",".lua","959"
"freekill-web\apps\web\public\fk\packages\freekill-core\standard\pkg\skills\xiaoji.lua",".lua","1914"
"freekill-web\apps\web\public\fk\packages\freekill-core\standard\pkg\skills\yiji.lua",".lua","1608"
"freekill-web\apps\web\public\fk\packages\freekill-core\standard\pkg\skills\yingzi.lua",".lua","636"
"freekill-web\apps\web\public\fk\packages\freekill-core\standard\pkg\skills\zhiheng.lua",".lua","1026"
"freekill-web\apps\web\public\fk\packages\freekill-core\standard_cards\i18n\en_US.lua",".lua","12353"
"freekill-web\apps\web\public\fk\packages\freekill-core\standard_cards\i18n\init.lua",".lua","305"
"freekill-web\apps\web\public\fk\packages\freekill-core\standard_cards\i18n\vi_VN.lua",".lua","15821"
"freekill-web\apps\web\public\fk\packages\freekill-core\standard_cards\i18n\zh_CN.lua",".lua","13250"
"freekill-web\apps\web\public\fk\packages\freekill-core\standard_cards\init.lua",".lua","168"
"freekill-web\apps\web\public\fk\packages\freekill-core\standard_cards\metadata.lua",".lua","282"
"freekill-web\apps\web\public\fk\packages\freekill-core\standard_cards\pkg\init.lua",".lua","11476"
"freekill-web\apps\web\public\fk\packages\freekill-core\standard_cards\pkg\skills\amazing_grace.lua",".lua","2671"
"freekill-web\apps\web\public\fk\packages\freekill-core\standard_cards\pkg\skills\archery_attack.lua",".lua","2089"
"freekill-web\apps\web\public\fk\packages\freekill-core\standard_cards\pkg\skills\armor_invalidity.lua",".lua","1752"
"freekill-web\apps\web\public\fk\packages\freekill-core\standard_cards\pkg\skills\axe.lua",".lua","1332"
"freekill-web\apps\web\public\fk\packages\freekill-core\standard_cards\pkg\skills\blade.lua",".lua","1101"
"freekill-web\apps\web\public\fk\packages\freekill-core\standard_cards\pkg\skills\chitu.lua",".lua","545"
"freekill-web\apps\web\public\fk\packages\freekill-core\standard_cards\pkg\skills\collateral.lua",".lua","2564"
"freekill-web\apps\web\public\fk\packages\freekill-core\standard_cards\pkg\skills\crossbow.lua",".lua","1409"
"freekill-web\apps\web\public\fk\packages\freekill-core\standard_cards\pkg\skills\dayuan.lua",".lua","293"
"freekill-web\apps\web\public\fk\packages\freekill-core\standard_cards\pkg\skills\default_card_skill.lua",".lua","246"
"freekill-web\apps\web\public\fk\packages\freekill-core\standard_cards\pkg\skills\default_equip_skill.lua",".lua","1026"
"freekill-web\apps\web\public\fk\packages\freekill-core\standard_cards\pkg\skills\dilu.lua",".lua","716"
"freekill-web\apps\web\public\fk\packages\freekill-core\standard_cards\pkg\skills\dismantlement.lua",".lua","1317"
"freekill-web\apps\web\public\fk\packages\freekill-core\standard_cards\pkg\skills\double_swords.lua",".lua","1012"
"freekill-web\apps\web\public\fk\packages\freekill-core\standard_cards\pkg\skills\duel.lua",".lua","1985"
"freekill-web\apps\web\public\fk\packages\freekill-core\standard_cards\pkg\skills\eight_diagram.lua",".lua","2707"
"freekill-web\apps\web\public\fk\packages\freekill-core\standard_cards\pkg\skills\ex_nihilo.lua",".lua","880"
"freekill-web\apps\web\public\fk\packages\freekill-core\standard_cards\pkg\skills\god_salvation.lua",".lua","1336"
"freekill-web\apps\web\public\fk\packages\freekill-core\standard_cards\pkg\skills\halberd.lua",".lua","1025"
"freekill-web\apps\web\public\fk\packages\freekill-core\standard_cards\pkg\skills\ice_sword.lua",".lua","1670"
"freekill-web\apps\web\public\fk\packages\freekill-core\standard_cards\pkg\skills\indulgence.lua",".lua","994"
"freekill-web\apps\web\public\fk\packages\freekill-core\standard_cards\pkg\skills\init.lua",".lua","1412"
"freekill-web\apps\web\public\fk\packages\freekill-core\standard_cards\pkg\skills\jink.lua",".lua","867"
"freekill-web\apps\web\public\fk\packages\freekill-core\standard_cards\pkg\skills\jueying.lua",".lua","292"
"freekill-web\apps\web\public\fk\packages\freekill-core\standard_cards\pkg\skills\kylin_bow.lua",".lua","1990"
"freekill-web\apps\web\public\fk\packages\freekill-core\standard_cards\pkg\skills\lightning.lua",".lua","1906"
"freekill-web\apps\web\public\fk\packages\freekill-core\standard_cards\pkg\skills\nioh_shield.lua",".lua","2607"
"freekill-web\apps\web\public\fk\packages\freekill-core\standard_cards\pkg\skills\nullification.lua",".lua","881"
"freekill-web\apps\web\public\fk\packages\freekill-core\standard_cards\pkg\skills\peach.lua",".lua","1966"
"freekill-web\apps\web\public\fk\packages\freekill-core\standard_cards\pkg\skills\qinggang_sword.lua",".lua","7259"
"freekill-web\apps\web\public\fk\packages\freekill-core\standard_cards\pkg\skills\savage_assault.lua",".lua","2089"
"freekill-web\apps\web\public\fk\packages\freekill-core\standard_cards\pkg\skills\slash.lua",".lua","3618"
"freekill-web\apps\web\public\fk\packages\freekill-core\standard_cards\pkg\skills\snatch.lua",".lua","2202"
"freekill-web\apps\web\public\fk\packages\freekill-core\standard_cards\pkg\skills\spear.lua",".lua","574"
"freekill-web\apps\web\public\fk\packages\freekill-core\standard_cards\pkg\skills\zhuahuangfeidian.lua",".lua","310"
"freekill-web\apps\web\public\fk\packages\freekill-core\standard_cards\pkg\skills\zixing.lua",".lua","293"
"freekill-web\apps\web\public\fk\packages\freekill-core\test\init.lua",".lua","3618"
"freekill-web\apps\web\public\fk\packages\freekill-core\test\skills\change_hero.lua",".lua","2230"
"freekill-web\apps\web\public\fk\packages\freekill-core\test\skills\cheat.lua",".lua","1656"
"freekill-web\apps\web\public\fk\packages\freekill-core\test\skills\control.lua",".lua","778"
"freekill-web\apps\web\public\fk\packages\freekill-core\test\skills\damage_maker.lua",".lua","5074"
"freekill-web\apps\web\public\fk\packages\freekill-core\test\skills\test_rende.lua",".lua","1741"
"freekill-web\apps\web\public\fk\packages\freekill-core\test\skills\test_zhenggong.lua",".lua","678"
"freekill-web\apps\web\public\fk\packages\freekill-core\test\skills\test_zhijian.lua",".lua","1408"
"freekill-web\apps\web\public\fk\packages\maneuvering\image\card\analeptic.png",".png","26572"
"freekill-web\apps\web\public\fk\packages\maneuvering\image\card\delayedTrick\supply_shortage.png",".png","2889"
"freekill-web\apps\web\public\fk\packages\maneuvering\image\card\equipIcon\fan.png",".png","382"
"freekill-web\apps\web\public\fk\packages\maneuvering\image\card\equipIcon\guding_blade.png",".png","284"
"freekill-web\apps\web\public\fk\packages\maneuvering\image\card\equipIcon\silver_lion.png",".png","500"
"freekill-web\apps\web\public\fk\packages\maneuvering\image\card\equipIcon\vine.png",".png","380"
"freekill-web\apps\web\public\fk\packages\maneuvering\image\card\fan.png",".png","24398"
"freekill-web\apps\web\public\fk\packages\maneuvering\image\card\fire__slash.png",".png","29184"
"freekill-web\apps\web\public\fk\packages\maneuvering\image\card\fire_attack.png",".png","24114"
"freekill-web\apps\web\public\fk\packages\maneuvering\image\card\guding_blade.png",".png","22238"
"freekill-web\apps\web\public\fk\packages\maneuvering\image\card\hualiu.png",".png","23492"
"freekill-web\apps\web\public\fk\packages\maneuvering\image\card\iron_chain.png",".png","29084"
"freekill-web\apps\web\public\fk\packages\maneuvering\image\card\silver_lion.png",".png","24685"
"freekill-web\apps\web\public\fk\packages\maneuvering\image\card\supply_shortage.png",".png","23959"
"freekill-web\apps\web\public\fk\packages\maneuvering\image\card\thunder__slash.png",".png","29393"
"freekill-web\apps\web\public\fk\packages\maneuvering\image\card\vine.png",".png","21946"
"freekill-web\apps\web\public\fk\packages\standard\image\generals\anjiang.jpg",".jpg","7044"
"freekill-web\apps\web\public\fk\packages\standard\image\generals\avatar\__observer.jpg",".jpg","3162"
"freekill-web\apps\web\public\fk\packages\standard\image\generals\avatar\__server.jpg",".jpg","2563"
"freekill-web\apps\web\public\fk\packages\standard\image\generals\avatar\anjiang.jpg",".jpg","8766"
"freekill-web\apps\web\public\fk\packages\standard\image\generals\caocao.jpg",".jpg","20626"
"freekill-web\apps\web\public\fk\packages\standard\image\generals\daqiao.jpg",".jpg","18359"
"freekill-web\apps\web\public\fk\packages\standard\image\generals\diaochan.jpg",".jpg","18818"
"freekill-web\apps\web\public\fk\packages\standard\image\generals\ganning.jpg",".jpg","23875"
"freekill-web\apps\web\public\fk\packages\standard\image\generals\guanyu.jpg",".jpg","18776"
"freekill-web\apps\web\public\fk\packages\standard\image\generals\guojia.jpg",".jpg","18042"
"freekill-web\apps\web\public\fk\packages\standard\image\generals\huanggai.jpg",".jpg","19247"
"freekill-web\apps\web\public\fk\packages\standard\image\generals\huangyueying.jpg",".jpg","12337"
"freekill-web\apps\web\public\fk\packages\standard\image\generals\huatuo.jpg",".jpg","13871"
"freekill-web\apps\web\public\fk\packages\standard\image\generals\liubei.jpg",".jpg","19336"
"freekill-web\apps\web\public\fk\packages\standard\image\generals\luxun.jpg",".jpg","17056"
"freekill-web\apps\web\public\fk\packages\standard\image\generals\lvbu.jpg",".jpg","18094"
"freekill-web\apps\web\public\fk\packages\standard\image\generals\lvmeng.jpg",".jpg","11330"
"freekill-web\apps\web\public\fk\packages\standard\image\generals\machao.jpg",".jpg","17011"
"freekill-web\apps\web\public\fk\packages\standard\image\generals\simayi.jpg",".jpg","14781"
"freekill-web\apps\web\public\fk\packages\standard\image\generals\sunquan.jpg",".jpg","23855"
"freekill-web\apps\web\public\fk\packages\standard\image\generals\sunshangxiang.jpg",".jpg","15640"
"freekill-web\apps\web\public\fk\packages\standard\image\generals\xiahoudun.jpg",".jpg","21016"
"freekill-web\apps\web\public\fk\packages\standard\image\generals\xuchu.jpg",".jpg","18615"
"freekill-web\apps\web\public\fk\packages\standard\image\generals\zhangfei.jpg",".jpg","13974"
"freekill-web\apps\web\public\fk\packages\standard\image\generals\zhangliao.jpg",".jpg","15233"
"freekill-web\apps\web\public\fk\packages\standard\image\generals\zhaoyun.jpg",".jpg","13552"
"freekill-web\apps\web\public\fk\packages\standard\image\generals\zhenji.jpg",".jpg","20712"
"freekill-web\apps\web\public\fk\packages\standard\image\generals\zhouyu.jpg",".jpg","19010"
"freekill-web\apps\web\public\fk\packages\standard\image\generals\zhugeliang.jpg",".jpg","13115"
"freekill-web\apps\web\public\fk\packages\standard_cards\image\card\amazing_grace.png",".png","24636"
"freekill-web\apps\web\public\fk\packages\standard_cards\image\card\archery_attack.png",".png","26710"
"freekill-web\apps\web\public\fk\packages\standard_cards\image\card\axe.png",".png","22500"
"freekill-web\apps\web\public\fk\packages\standard_cards\image\card\blade.png",".png","23690"
"freekill-web\apps\web\public\fk\packages\standard_cards\image\card\chitu.png",".png","23342"
"freekill-web\apps\web\public\fk\packages\standard_cards\image\card\collateral.png",".png","26035"
"freekill-web\apps\web\public\fk\packages\standard_cards\image\card\crossbow.png",".png","23718"
"freekill-web\apps\web\public\fk\packages\standard_cards\image\card\dayuan.png",".png","23723"
"freekill-web\apps\web\public\fk\packages\standard_cards\image\card\delayedTrick\indulgence.png",".png","3105"
"freekill-web\apps\web\public\fk\packages\standard_cards\image\card\delayedTrick\lightning.png",".png","2998"
"freekill-web\apps\web\public\fk\packages\standard_cards\image\card\dilu.png",".png","21733"
"freekill-web\apps\web\public\fk\packages\standard_cards\image\card\dismantlement.png",".png","25120"
"freekill-web\apps\web\public\fk\packages\standard_cards\image\card\double_swords.png",".png","24574"
"freekill-web\apps\web\public\fk\packages\standard_cards\image\card\duel.png",".png","25008"
"freekill-web\apps\web\public\fk\packages\standard_cards\image\card\eight_diagram.png",".png","21762"
"freekill-web\apps\web\public\fk\packages\standard_cards\image\card\equipIcon\axe.png",".png","321"
"freekill-web\apps\web\public\fk\packages\standard_cards\image\card\equipIcon\blade.png",".png","274"
"freekill-web\apps\web\public\fk\packages\standard_cards\image\card\equipIcon\crossbow.png",".png","380"
"freekill-web\apps\web\public\fk\packages\standard_cards\image\card\equipIcon\double_swords.png",".png","624"
"freekill-web\apps\web\public\fk\packages\standard_cards\image\card\equipIcon\eight_diagram.png",".png","512"
"freekill-web\apps\web\public\fk\packages\standard_cards\image\card\equipIcon\halberd.png",".png","267"
"freekill-web\apps\web\public\fk\packages\standard_cards\image\card\equipIcon\horse.png",".png","406"
"freekill-web\apps\web\public\fk\packages\standard_cards\image\card\equipIcon\ice_sword.png",".png","335"
"freekill-web\apps\web\public\fk\packages\standard_cards\image\card\equipIcon\kylin_bow.png",".png","238"
"freekill-web\apps\web\public\fk\packages\standard_cards\image\card\equipIcon\nioh_shield.png",".png","371"
"freekill-web\apps\web\public\fk\packages\standard_cards\image\card\equipIcon\qinggang_sword.png",".png","273"
"freekill-web\apps\web\public\fk\packages\standard_cards\image\card\equipIcon\spear.png",".png","289"
"freekill-web\apps\web\public\fk\packages\standard_cards\image\card\ex_nihilo.png",".png","25482"
"freekill-web\apps\web\public\fk\packages\standard_cards\image\card\god_salvation.png",".png","27210"
"freekill-web\apps\web\public\fk\packages\standard_cards\image\card\halberd.png",".png","23461"
"freekill-web\apps\web\public\fk\packages\standard_cards\image\card\ice_sword.png",".png","22461"
"freekill-web\apps\web\public\fk\packages\standard_cards\image\card\indulgence.png",".png","25852"
"freekill-web\apps\web\public\fk\packages\standard_cards\image\card\jink.png",".png","27525"
"freekill-web\apps\web\public\fk\packages\standard_cards\image\card\jueying.png",".png","22711"
"freekill-web\apps\web\public\fk\packages\standard_cards\image\card\kylin_bow.png",".png","22430"
"freekill-web\apps\web\public\fk\packages\standard_cards\image\card\lightning.png",".png","18350"
"freekill-web\apps\web\public\fk\packages\standard_cards\image\card\nioh_shield.png",".png","23492"
"freekill-web\apps\web\public\fk\packages\standard_cards\image\card\nullification.png",".png","26967"
"freekill-web\apps\web\public\fk\packages\standard_cards\image\card\peach.png",".png","25933"
"freekill-web\apps\web\public\fk\packages\standard_cards\image\card\qinggang_sword.png",".png","22098"
"freekill-web\apps\web\public\fk\packages\standard_cards\image\card\savage_assault.png",".png","25758"
"freekill-web\apps\web\public\fk\packages\standard_cards\image\card\slash.png",".png","27919"
"freekill-web\apps\web\public\fk\packages\standard_cards\image\card\snatch.png",".png","27817"
"freekill-web\apps\web\public\fk\packages\standard_cards\image\card\spear.png",".png","22814"
"freekill-web\apps\web\public\fk\packages\standard_cards\image\card\zhuahuangfeidian.png",".png","24605"
"freekill-web\apps\web\public\fk\packages\standard_cards\image\card\zixing.png",".png","23428"
